epoch,time,train/box_loss,train/pose_loss,train/kobj_loss,train/cls_loss,train/dfl_loss,metrics/precision(B),metrics/recall(B),metrics/mAP50(B),metrics/mAP50-95(B),metrics/precision(P),metrics/recall(P),metrics/mAP50(P),metrics/mAP50-95(P),val/box_loss,val/pose_loss,val/kobj_loss,val/cls_loss,val/dfl_loss,lr/pg0,lr/pg1,lr/pg2
1,52.3289,1.40668,1.09235,0.46087,1.09866,1.36851,0.9967,1,0.995,0.89316,0.9967,1,0.995,0.99064,0.49577,0.08388,2e-05,0.27526,0.79206,0.000655172,0.000655172,0.000655172
2,94.5093,1.13035,0.61183,0.27436,0.65726,1.08079,0.99824,1,0.995,0.88199,0.99824,1,0.995,0.9929,0.48579,0.07037,9e-05,0.30197,0.80395,0.00130875,0.00130875,0.00130875
3,136.279,0.94851,0.39882,0.23545,0.54647,0.9934,0.99867,1,0.995,0.88765,0.99867,1,0.995,0.99233,0.47449,0.11164,0.00075,0.29471,0.79466,0.00194913,0.00194913,0.00194913
4,177.556,0.84901,0.38688,0.1978,0.47509,0.97012,0.99915,1,0.995,0.87841,0.99915,1,0.995,0.99352,0.50687,0.09862,0.00617,0.30907,0.806,0.0019406,0.0019406,0.0019406
5,218.961,0.79496,0.29445,0.19049,0.44426,0.92604,0.99854,1,0.995,0.89574,0.99854,1,0.995,0.99337,0.51151,0.09094,0.01554,0.29747,0.82045,0.0019208,0.0019208,0.0019208
6,262.599,0.78202,0.26713,0.15647,0.42858,0.91143,0.99915,1,0.995,0.90019,0.99915,1,0.995,0.995,0.50027,0.05357,0.01941,0.28586,0.82328,0.001901,0.001901,0.001901
7,306.064,0.76391,0.25073,0.13934,0.42068,0.91278,1,0.99625,0.995,0.8747,1,0.99625,0.995,0.995,0.54827,0.08262,0.02874,0.31927,0.84735,0.0018812,0.0018812,0.0018812
8,349.348,0.72964,0.23098,0.13795,0.40218,0.89587,1,0.99813,0.995,0.89881,1,0.99813,0.995,0.995,0.53191,0.0852,0.07345,0.29941,0.85746,0.0018614,0.0018614,0.0018614
9,392.239,0.69899,0.17616,0.12953,0.37982,0.90232,1,0.9978,0.995,0.88706,1,0.9978,0.995,0.99496,0.53115,0.08413,0.03104,0.28391,0.85331,0.0018416,0.0018416,0.0018416
10,436.946,0.69044,0.19151,0.12206,0.36857,0.89197,1,0.9982,0.995,0.88299,1,0.9982,0.995,0.995,0.53634,0.08049,0.02752,0.29872,0.84872,0.0018218,0.0018218,0.0018218
11,483.54,0.67505,0.20952,0.11985,0.37478,0.88913,1,0.99744,0.995,0.90327,1,0.99744,0.995,0.99498,0.53186,0.09995,0.02521,0.29582,0.85871,0.001802,0.001802,0.001802
12,528.54,0.66413,0.1718,0.11583,0.35905,0.88687,1,0.99637,0.995,0.88845,1,0.99637,0.995,0.99498,0.53991,0.05844,0.01869,0.34456,0.85983,0.0017822,0.0017822,0.0017822
13,579.464,0.66283,0.16396,0.12041,0.3581,0.88825,1,0.99647,0.995,0.90361,1,0.99647,0.995,0.99498,0.53496,0.06704,0.01981,0.33274,0.86205,0.0017624,0.0017624,0.0017624
14,625.807,0.65596,0.12726,0.11758,0.34972,0.88065,1,0.99665,0.995,0.8983,1,0.99665,0.995,0.995,0.52259,0.06033,0.01128,0.28816,0.86271,0.0017426,0.0017426,0.0017426
15,674.188,0.65058,0.13286,0.09469,0.34439,0.87216,1,0.9975,0.995,0.90621,1,0.9975,0.995,0.995,0.4996,0.06885,0.03155,0.27946,0.82975,0.0017228,0.0017228,0.0017228
16,724.731,0.64186,0.14368,0.10475,0.34801,0.88278,1,0.99778,0.995,0.89922,1,0.99778,0.995,0.99494,0.50119,0.07147,0.01033,0.27604,0.84409,0.001703,0.001703,0.001703
17,775.782,0.64893,0.12874,0.10561,0.33772,0.87742,1,0.998,0.995,0.90104,1,0.998,0.995,0.995,0.52665,0.05597,0.00407,0.29549,0.85128,0.0016832,0.0016832,0.0016832
18,826.535,0.6336,0.14177,0.0944,0.34413,0.8703,1,0.99764,0.995,0.9072,1,0.99764,0.995,0.995,0.54281,0.05648,0.00378,0.29872,0.86296,0.0016634,0.0016634,0.0016634
19,871.877,0.60966,0.10255,0.10508,0.32256,0.87179,1,0.99735,0.995,0.90384,1,0.99735,0.995,0.995,0.53689,0.05193,0.02627,0.2639,0.88716,0.0016436,0.0016436,0.0016436
20,914.747,0.64225,0.13182,0.10996,0.34438,0.87653,1,0.9997,0.995,0.88873,1,0.9997,0.995,0.99465,0.55068,0.07587,0.0147,0.28976,0.88215,0.0016238,0.0016238,0.0016238
21,960.767,0.6101,0.09937,0.09318,0.32691,0.86605,0.99956,1,0.995,0.90333,0.99956,1,0.995,0.995,0.51825,0.04623,0.01715,0.2772,0.85735,0.001604,0.001604,0.001604
22,1006.66,0.62896,0.10237,0.09019,0.33862,0.87121,1,0.99946,0.995,0.89776,1,0.99946,0.995,0.99434,0.54753,0.05851,0.00513,0.28672,0.85947,0.0015842,0.0015842,0.0015842
23,1052.74,0.61361,0.1135,0.09431,0.31712,0.85798,1,0.99814,0.995,0.89129,1,0.99814,0.995,0.99498,0.58942,0.06555,0.00317,0.29234,0.85008,0.0015644,0.0015644,0.0015644
24,1098.79,0.62075,0.12622,0.09175,0.31769,0.85454,1,0.99941,0.995,0.90225,1,0.99941,0.995,0.99426,0.53177,0.04405,0.00375,0.26042,0.84256,0.0015446,0.0015446,0.0015446
25,1144.75,0.60429,0.09466,0.09355,0.31686,0.86505,1,0.99816,0.995,0.89849,1,0.99816,0.995,0.99498,0.5174,0.04026,0.00424,0.26151,0.83317,0.0015248,0.0015248,0.0015248
26,1191.73,0.59693,0.10635,0.09523,0.31183,0.86693,1,0.99918,0.995,0.88741,1,0.99918,0.995,0.995,0.58208,0.05063,0.00395,0.27151,0.85252,0.001505,0.001505,0.001505
27,1244.25,0.61773,0.09281,0.09269,0.31157,0.85267,0.99946,1,0.995,0.89825,0.99946,1,0.995,0.99431,0.51996,0.04964,0.00328,0.2452,0.82023,0.0014852,0.0014852,0.0014852
28,1286.74,0.61047,0.09904,0.0929,0.30254,0.86766,1,0.99776,0.995,0.90293,1,0.99776,0.995,0.995,0.49117,0.05137,0.00343,0.25026,0.80909,0.0014654,0.0014654,0.0014654
29,1329.79,0.60055,0.082,0.08009,0.30683,0.8662,0.97934,1,0.99481,0.90096,0.97934,1,0.99481,0.99481,0.50715,0.03408,0.00398,0.29551,0.83078,0.0014456,0.0014456,0.0014456
30,1382.5,0.59563,0.08253,0.06834,0.29945,0.86885,0.99953,1,0.995,0.89489,0.99953,1,0.995,0.995,0.55269,0.0344,0.00269,0.2558,0.85194,0.0014258,0.0014258,0.0014258
31,1433.81,0.59382,0.09367,0.08112,0.30333,0.86176,0.99951,1,0.995,0.90578,0.99951,1,0.995,0.99493,0.55453,0.04452,0.003,0.25919,0.86056,0.001406,0.001406,0.001406
32,1484.56,0.57328,0.08527,0.08128,0.29364,0.85718,1,0.99651,0.995,0.90133,1,0.99651,0.995,0.995,0.53383,0.05222,0.00153,0.25287,0.85076,0.0013862,0.0013862,0.0013862
33,1537.15,0.59904,0.10134,0.08989,0.30783,0.86736,1,0.99705,0.995,0.90016,1,0.99705,0.995,0.995,0.52744,0.05054,0.00229,0.26316,0.84,0.0013664,0.0013664,0.0013664
34,1589.6,0.59589,0.08275,0.07728,0.30469,0.85499,1,0.99792,0.995,0.91278,1,0.99792,0.995,0.995,0.50344,0.03639,0.00276,0.25093,0.84183,0.0013466,0.0013466,0.0013466
35,1640.49,0.59102,0.08604,0.06445,0.30395,0.8506,1,0.99832,0.995,0.90876,1,0.99832,0.995,0.995,0.50224,0.03296,0.01153,0.26445,0.83891,0.0013268,0.0013268,0.0013268
36,1690.36,0.57438,0.07748,0.07359,0.29509,0.8536,1,0.9977,0.995,0.90653,1,0.9977,0.995,0.995,0.50146,0.03319,0.00471,0.26886,0.84215,0.001307,0.001307,0.001307
37,1737.22,0.6026,0.08497,0.07305,0.30519,0.85691,0.99928,1,0.995,0.90231,0.99928,1,0.995,0.995,0.50909,0.04161,0.00644,0.27471,0.83886,0.0012872,0.0012872,0.0012872
38,1783.97,0.58877,0.07956,0.07252,0.30562,0.86046,0.99931,1,0.995,0.905,0.99931,1,0.995,0.995,0.51621,0.04528,0.00355,0.26929,0.84793,0.0012674,0.0012674,0.0012674
39,1831.55,0.58262,0.07916,0.06709,0.29838,0.86021,0.99923,1,0.995,0.89373,0.99923,1,0.995,0.995,0.49108,0.0346,0.00611,0.26048,0.84146,0.0012476,0.0012476,0.0012476
40,1878.29,0.58036,0.08561,0.06497,0.2923,0.85498,0.99944,1,0.995,0.90184,0.99944,1,0.995,0.99485,0.49251,0.04297,0.00712,0.25411,0.82373,0.0012278,0.0012278,0.0012278
41,1925.46,0.59659,0.08598,0.06114,0.29784,0.85769,0.99954,1,0.995,0.88655,0.99954,1,0.995,0.99442,0.53062,0.04933,0.00434,0.25437,0.82339,0.001208,0.001208,0.001208
42,1972.08,0.58514,0.07087,0.06951,0.28917,0.85937,1,0.99957,0.995,0.89655,1,0.99957,0.995,0.99426,0.5475,0.05208,0.00714,0.28038,0.84484,0.0011882,0.0011882,0.0011882
43,2019.76,0.59151,0.07339,0.07882,0.29513,0.85716,1,0.99953,0.995,0.89181,1,0.99953,0.995,0.995,0.55346,0.04347,0.01104,0.25092,0.84111,0.0011684,0.0011684,0.0011684
44,2069.55,0.58413,0.06998,0.05455,0.2886,0.85721,1,0.99963,0.995,0.90322,1,0.99963,0.995,0.995,0.50903,0.03673,0.02932,0.23979,0.82431,0.0011486,0.0011486,0.0011486
45,2118,0.57613,0.08631,0.06613,0.28374,0.85378,1,0.99706,0.995,0.90604,1,0.99706,0.995,0.995,0.49295,0.04605,0.02058,0.25352,0.82353,0.0011288,0.0011288,0.0011288
46,2169.21,0.56796,0.06635,0.0611,0.27758,0.85244,0.9994,1,0.995,0.91262,0.9994,1,0.995,0.995,0.50203,0.04032,0.01591,0.25137,0.82756,0.001109,0.001109,0.001109
47,2221.25,0.57051,0.09341,0.06519,0.28528,0.86287,0.99942,1,0.995,0.91993,0.99942,1,0.995,0.995,0.51721,0.051,0.00764,0.26278,0.84745,0.0010892,0.0010892,0.0010892
48,2270.45,0.55921,0.07326,0.05574,0.27191,0.84611,0.99955,1,0.995,0.90797,0.99955,1,0.995,0.995,0.50635,0.04795,0.00701,0.25233,0.82239,0.0010694,0.0010694,0.0010694
49,2321.78,0.58615,0.07227,0.06466,0.28099,0.85049,0.99941,1,0.995,0.90054,0.99941,1,0.995,0.995,0.49328,0.05441,0.01797,0.25113,0.81629,0.0010496,0.0010496,0.0010496
50,2373.61,0.55576,0.08478,0.0648,0.27518,0.85088,0.99974,1,0.995,0.90599,0.99974,1,0.995,0.99245,0.51286,0.06873,0.00601,0.25498,0.82499,0.0010298,0.0010298,0.0010298
51,2426.17,0.56159,0.0761,0.05516,0.27945,0.85787,0.99952,1,0.995,0.9039,0.99952,1,0.995,0.99342,0.52307,0.06883,0.00494,0.25518,0.83416,0.00101,0.00101,0.00101
52,2477.21,0.54814,0.06676,0.04634,0.27443,0.85692,0.9995,1,0.995,0.89677,0.9995,1,0.995,0.99298,0.55294,0.07312,0.00608,0.28325,0.83111,0.0009902,0.0009902,0.0009902
53,2526.35,0.56833,0.08181,0.06767,0.27788,0.85231,0.99954,1,0.995,0.90664,0.99954,1,0.995,0.99496,0.49653,0.03948,0.00578,0.2617,0.81611,0.0009704,0.0009704,0.0009704
54,2573.33,0.56702,0.07018,0.05546,0.27316,0.84221,1,0.99685,0.995,0.8996,1,0.99685,0.995,0.995,0.48301,0.03944,0.00215,0.25056,0.81616,0.0009506,0.0009506,0.0009506
55,2620.71,0.5498,0.05266,0.03852,0.26626,0.84375,0.99994,1,0.995,0.90843,0.99994,1,0.995,0.99498,0.48767,0.0369,0.00239,0.25173,0.82742,0.0009308,0.0009308,0.0009308
56,2671.03,0.56982,0.07828,0.06128,0.27811,0.85776,1,0.99744,0.995,0.90376,1,0.99744,0.995,0.995,0.48974,0.03148,0.00641,0.23392,0.82296,0.000911,0.000911,0.000911
57,2718.28,0.5609,0.07149,0.06129,0.27174,0.85356,1,0.99748,0.995,0.91406,1,0.99748,0.995,0.995,0.49342,0.03142,0.01594,0.23131,0.81483,0.0008912,0.0008912,0.0008912
58,2765.91,0.5606,0.06581,0.0596,0.27558,0.85052,1,0.99809,0.995,0.90274,1,0.99809,0.995,0.995,0.50515,0.03392,0.02052,0.2414,0.81812,0.0008714,0.0008714,0.0008714
59,2807,0.54293,0.06461,0.05859,0.26979,0.8423,1,0.99826,0.995,0.91043,1,0.99826,0.995,0.995,0.50209,0.05472,0.01983,0.23941,0.81787,0.0008516,0.0008516,0.0008516
60,2847.68,0.55889,0.06388,0.04872,0.26931,0.84708,1,0.99792,0.995,0.90653,1,0.99792,0.995,0.995,0.51225,0.03664,0.01179,0.2366,0.82874,0.0008318,0.0008318,0.0008318
61,2888.62,0.56023,0.06336,0.05153,0.27373,0.85159,0.99937,1,0.995,0.90647,0.99937,1,0.995,0.995,0.51695,0.0459,0.00719,0.24408,0.81133,0.000812,0.000812,0.000812
62,2929.28,0.5497,0.05279,0.05021,0.26224,0.85294,1,0.99785,0.995,0.9089,1,0.99785,0.995,0.995,0.51173,0.03918,0.00493,0.2391,0.8131,0.0007922,0.0007922,0.0007922
63,2969.93,0.5429,0.05665,0.048,0.25773,0.83511,1,0.99746,0.995,0.90671,1,0.99746,0.995,0.995,0.49899,0.03794,0.00444,0.23686,0.8147,0.0007724,0.0007724,0.0007724
64,3010.55,0.54264,0.05316,0.0469,0.25522,0.85596,0.99934,1,0.995,0.91289,0.99934,1,0.995,0.995,0.4943,0.02707,0.01507,0.23328,0.83335,0.0007526,0.0007526,0.0007526
65,3051.44,0.54588,0.07094,0.05661,0.26112,0.85109,0.99921,1,0.995,0.90622,0.99921,1,0.995,0.995,0.50443,0.03174,0.02872,0.24573,0.83026,0.0007328,0.0007328,0.0007328
66,3092.39,0.54927,0.07559,0.05255,0.27118,0.84966,1,0.99993,0.995,0.894,1,0.99993,0.995,0.995,0.5089,0.03094,0.03151,0.23413,0.82772,0.000713,0.000713,0.000713
67,3133.46,0.55065,0.05614,0.04022,0.25593,0.84732,0.99923,1,0.995,0.89253,0.99923,1,0.995,0.995,0.53055,0.04393,0.02003,0.2335,0.83272,0.0006932,0.0006932,0.0006932
