epoch,time,train/loss,metrics/accuracy_top1,metrics/accuracy_top5,val/loss,lr/pg0,lr/pg1,lr/pg2
1,101.849,1.02221,0.91426,0.96753,0.37578,0.000530787,0.000299306,0.000299306
2,172.735,0.84697,0.92998,0.97514,0.32076,0.0002905,0.0002905,0.0002905
3,241.626,0.72776,0.92237,0.97007,0.32554,0.000281,0.000281,0.000281
4,304.766,0.65442,0.92136,0.97108,0.3448,0.0002715,0.0002715,0.0002715
5,367.931,0.59955,0.92136,0.97108,0.33874,0.000262,0.000262,0.000262
6,433.174,0.54119,0.93506,0.97412,0.30445,0.0002525,0.0002525,0.0002525
7,501.893,0.50632,0.93252,0.97362,0.33179,0.000243,0.000243,0.000243
8,571.297,0.46946,0.93201,0.97615,0.32713,0.0002335,0.0002335,0.0002335
9,640.648,0.43997,0.93658,0.97514,0.33042,0.000224,0.000224,0.000224
10,711.969,0.4203,0.9376,0.97514,0.32667,0.0002145,0.0002145,0.0002145
11,781.475,0.38909,0.93557,0.97565,0.32927,0.000205,0.000205,0.000205
12,846.826,0.37719,0.93506,0.97362,0.35208,0.0001955,0.0001955,0.0001955
13,909.4,0.34405,0.93962,0.97514,0.31285,0.000186,0.000186,0.000186
14,972.834,0.33437,0.94013,0.97412,0.30425,0.0001765,0.0001765,0.0001765
15,1036.53,0.3149,0.9381,0.97615,0.3158,0.000167,0.000167,0.000167
16,1098.75,0.30101,0.94521,0.97565,0.31011,0.0001575,0.0001575,0.0001575
17,1161.35,0.29064,0.93912,0.97514,0.3157,0.000148,0.000148,0.000148
18,1223.93,0.27442,0.93962,0.97463,0.30988,0.0001385,0.0001385,0.0001385
19,1286.56,0.26462,0.94267,0.97717,0.32157,0.000129,0.000129,0.000129
20,1349.23,0.2533,0.94521,0.97463,0.29704,0.0001195,0.0001195,0.0001195
21,1475.63,0.24372,0.94165,0.97666,0.29182,0.00011,0.00011,0.00011
22,1540.56,0.23862,0.94977,0.97869,0.2672,0.0001005,0.0001005,0.0001005
23,1603.16,0.2292,0.9447,0.97818,0.28303,9.1e-05,9.1e-05,9.1e-05
24,1668.29,0.21745,0.94622,0.97615,0.28638,8.15e-05,8.15e-05,8.15e-05
25,1744.53,0.20734,0.94876,0.97818,0.27453,7.2e-05,7.2e-05,7.2e-05
26,1817.38,0.21237,0.94774,0.97768,0.26734,6.25e-05,6.25e-05,6.25e-05
27,1894.6,0.20146,0.94723,0.97818,0.28154,5.3e-05,5.3e-05,5.3e-05
28,1977.87,0.19365,0.94825,0.97666,0.28132,4.35e-05,4.35e-05,4.35e-05
29,2044,0.18877,0.94723,0.97666,0.28341,3.4e-05,3.4e-05,3.4e-05
30,2108.16,0.18268,0.94825,0.97615,0.29702,2.45e-05,2.45e-05,2.45e-05
